{"preview":[{"views":[{"id":"codesandbox.browser"},{"id":"codesandbox.browser","options":{"port":46055,"url":"https://yocfc-46055.sse.codesandbox.io"},"closeable":true},{"id":"codesandbox.browser","options":{"port":42335,"url":"https://yocfc-42335.sse.codesandbox.io"},"closeable":true},{"id":"codesandbox.browser","options":{"port":39929,"url":"https://yocfc-39929.sse.codesandbox.io"},"closeable":true}]},{"open":true,"views":[{"id":"codesandbox.terminal"},{"id":"codesandbox.console"},{"id":"codesandbox.problems"}]}]}